{
  "accuracy": 0.7059069378657008,
  "balanced_accuracy": 0.6832245474662665,
  "confusion_matrix": [
    [
      621,
      14,
      111,
      23,
      106,
      12,
      71
    ],
    [
      20,
      70,
      6,
      4,
      7,
      2,
      2
    ],
    [
      111,
      8,
      525,
      17,
      193,
      71,
      99
    ],
    [
      29,
      4,
      30,
      1562,
      30,
      29,
      90
    ],
    [
      101,
      3,
      160,
      31,
      750,
      14,
      188
    ],
    [
      24,
      2,
      76,
      39,
      15,
      665,
      10
    ],
    [
      63,
      3,
      57,
      65,
      159,
      12,
      874
    ]
  ],
  "ece": 0.3745653839991032,
  "macro_f1": 0.6863696467242667,
  "num_samples": 7178,
  "per_class_f1": {
    "anger": 0.6445251686559419,
    "disgust": 0.6511627906976745,
    "fear": 0.5279034690799397,
    "happiness": 0.8887624466571835,
    "neutral": 0.6809505259057265,
    "sadness": 0.5983246908655765,
    "surprise": 0.8129584352078238
  },
  "uncertainty_risk_auc": 0.22545094766939178
}
