{
  "emotion": "neutral",
  "emotion_id": 6,
  "probabilities": {
    "anger": 0.18482397496700287,
    "disgust": 0.07260569930076599,
    "fear": 0.07413406670093536,
    "happiness": 0.0750017836689949,
    "sadness": 0.2090347558259964,
    "surprise": 0.07257313281297684,
    "neutral": 0.31182652711868286
  },
  "uncertainty": 0.5080087184906006,
  "descriptor_similarity": {
    "anger": 10.455528259277344,
    "disgust": -1.4856090545654297,
    "fear": 5.466619491577148,
    "happiness": 5.56551456451416,
    "sadness": 10.867875099182129,
    "surprise": -3.3539962768554688,
    "neutral": 12.32696533203125
  }
}
